{
    "vehicle_speeds": {
        "1": {
            "speeds": [
                47.84501787299854,
                71.13350398682627,
                54.93615870552129
            ],
            "average_speed": 57.9715601884487,
            "max_speed": 76.49311743498248
        },
        "2": {
            "speeds": [
                39.83153128668581,
                51.735954248299905,
                40.944902594640084
            ],
            "average_speed": 44.17079604320859,
            "max_speed": 51.735954248299905
        },
        "5": {
            "speeds": [
                79.88771480786762,
                81.00732030588735,
                81.66578194027443
            ],
            "average_speed": 80.85360568467647,
            "max_speed": 86.01246022826741
        },
        "6": {
            "speeds": [
                12.453178937010598,
                10.666324967690876,
                16.113179717108416
            ],
            "average_speed": 13.077561207269964,
            "max_speed": 59.32866131497176
        },
        "7": {
            "speeds": [
                49.557622815757135,
                40.17193205163434,
                45.95647633628937
            ],
            "average_speed": 45.228677067893614,
            "max_speed": 117.9670034879448
        },
        "9": {
            "speeds": [
                84.49804330667075,
                85.39978718155524,
                87.9139830483314
            ],
            "average_speed": 85.93727117885247,
            "max_speed": 89.15331031808617
        },
        "10": {
            "speeds": [
                69.10350092623437,
                72.56751276006949,
                76.80263509450607
            ],
            "average_speed": 72.82454959360331,
            "max_speed": 89.30327618835518
        },
        "11": {
            "speeds": [
                82.54906240844572,
                82.97630393535869,
                84.19799854636562
            ],
            "average_speed": 83.24112163005668,
            "max_speed": 86.51623830566572
        },
        "12": {
            "speeds": [
                62.57208743946543,
                56.750221694526424,
                75.35712144465896
            ],
            "average_speed": 64.89314352621693,
            "max_speed": 92.2935691768768
        },
        "16": {
            "speeds": [
                24.444896992761443,
                32.618873947743786,
                35.76305849142499
            ],
            "average_speed": 30.942276477310074,
            "max_speed": 35.76305849142499
        },
        "17": {
            "speeds": [
                52.9913334749208,
                38.806745280149514,
                54.38643401780736
            ],
            "average_speed": 48.728170924292556,
            "max_speed": 192.19580686863222
        },
        "21": {
            "speeds": [
                61.39832124190628,
                50.948121927665234,
                58.33266347245322
            ],
            "average_speed": 56.89303554734158,
            "max_speed": 97.03566861474785
        },
        "22": {
            "speeds": [
                2.2252064139009624
            ],
            "average_speed": 2.2252064139009624,
            "max_speed": 2.2252064139009624
        },
        "23": {
            "speeds": [
                46.25251827460129,
                58.54743812597455,
                51.53038439160449
            ],
            "average_speed": 52.11011359739344,
            "max_speed": 93.77415957026173
        },
        "24": {
            "speeds": [
                8.619875357280172,
                77.37557184297724,
                76.61303913097231
            ],
            "average_speed": 54.202828777076576,
            "max_speed": 94.21257333305888
        },
        "25": {
            "speeds": [
                31.11371841328959,
                33.23916474461259,
                43.88636114727148
            ],
            "average_speed": 36.079748101724554,
            "max_speed": 58.13596479519686
        },
        "27": {
            "speeds": [
                53.01597333986212,
                90.99591140848105,
                71.20979135457895
            ],
            "average_speed": 71.74055870097403,
            "max_speed": 103.00992739109138
        }
    }
}